Structure,ALA,ARG,ASN,ASP,CYS,GLN,GLU,GLY,HIS,LEU,ILE,LYS,MET,PHE,PRO,SER,THR,TRP,TYR,VAL
1a4t,2,6,1,1,0,0,2,0,1,1,1,2,0,0,0,0,2,0,0,0
1aud,7,6,5,5,0,4,4,4,2,7,10,11,4,7,4,8,5,0,3,5
1biv,0,7,0,0,0,0,0,4,0,0,1,1,0,0,2,1,1,0,0,0
1d6k,11,6,3,5,0,5,7,5,3,5,7,11,3,4,4,2,2,0,3,8
1ekz,4,3,3,2,1,2,8,7,3,4,6,11,4,2,2,4,3,0,0,7
1etf,5,11,1,1,0,2,1,0,0,0,0,0,0,0,0,0,1,1,0,0
1etg,5,11,1,1,0,2,1,0,0,0,0,0,0,0,0,0,1,1,0,0
1exy,0,7,0,0,0,1,0,0,0,0,0,2,1,0,3,1,1,0,0,0
1fje,14,7,10,10,0,2,22,14,1,18,8,19,1,9,3,13,8,0,4,12
1fnx,11,8,11,10,1,10,8,14,0,15,14,14,4,7,7,16,10,0,6,8
1g70,5,6,0,0,0,0,1,1,0,0,0,0,0,0,1,2,0,0,0,0
1gsg,35,38,27,34,10,15,43,31,16,39,35,28,11,24,26,26,26,7,22,33
1hji,3,7,1,2,0,0,1,2,0,2,2,2,0,0,0,1,1,1,1,0
1i9f,5,8,0,0,0,0,1,2,0,0,0,0,0,0,1,2,0,0,0,0
1k1g,5,9,9,6,1,6,12,11,1,12,9,12,5,1,6,2,6,0,1,8
1ls2,27,22,7,24,3,8,35,40,11,28,29,21,10,13,20,10,30,1,10,37
1mnb,0,7,0,0,0,0,0,3,0,0,1,1,0,0,1,0,1,0,0,0
1nyb,4,5,0,0,0,0,3,1,0,1,1,3,0,0,0,2,1,0,1,0
1qfq,6,6,2,1,0,3,2,1,0,2,0,3,0,0,3,1,1,1,0,3
1r2w,15,3,4,3,1,4,11,10,1,8,13,17,5,5,10,6,8,0,1,9
1r2x,15,3,4,3,1,3,11,10,1,8,13,17,5,5,10,6,8,0,1,9
1rkj,14,7,10,10,0,2,22,14,1,18,8,19,1,9,3,13,8,0,4,12
1t2r,8,8,7,2,2,4,8,6,3,12,8,6,3,7,9,13,5,0,6,6
1t4l,10,8,4,5,1,2,3,8,1,8,6,7,2,1,3,6,4,0,4,7
1ull,1,10,1,0,0,2,1,0,0,0,0,0,0,0,0,0,1,1,0,0
1x1l,22,19,12,15,1,9,24,20,8,26,25,21,9,9,10,15,14,3,6,24
1zbn,0,5,0,0,0,0,0,4,1,0,1,4,0,0,0,0,1,0,1,0
2a9x,0,6,0,0,0,0,0,1,0,0,1,1,0,0,2,0,1,0,0,2
2ad9,5,5,7,3,0,4,6,7,2,8,7,6,3,3,6,8,7,0,3,8
2adb,11,4,8,10,2,9,1,6,2,14,7,7,3,7,6,10,8,0,5,7
2b6g,5,5,2,7,0,0,4,4,1,15,6,10,1,1,4,5,3,2,4,2
2cjk,6,11,3,18,2,6,11,16,2,7,12,17,3,13,7,8,10,2,3,10
2err,5,9,7,5,0,3,7,7,2,4,5,6,2,8,3,4,4,0,0,7
2ese,5,5,1,7,0,0,4,4,1,15,6,10,2,1,4,5,3,2,4,2
2fy1,10,8,6,4,0,2,6,11,3,6,5,13,3,6,7,11,3,0,0,4
2i2y,12,10,9,11,4,2,12,14,7,10,1,9,2,6,5,4,12,2,6,12
2kdq,0,6,0,0,0,0,0,1,0,0,2,1,0,0,1,0,1,0,0,1
2kfy,4,6,1,7,2,2,10,12,5,7,3,6,5,5,3,8,3,2,2,9
2kg0,6,5,3,3,1,4,11,9,2,6,6,6,0,7,4,7,3,0,2,7
2kg1,9,5,6,5,1,4,8,10,5,4,4,2,5,5,4,8,8,0,4,8
2kh9,3,7,6,4,2,2,6,2,0,11,5,4,2,3,4,6,8,1,4,6
2kx5,0,7,0,0,2,1,0,1,0,0,3,1,0,0,1,0,0,0,0,1
2kxn,6,12,5,8,2,2,6,7,2,5,4,4,1,6,4,6,3,0,4,8
2l2k,7,3,4,2,0,2,4,6,2,8,1,6,2,5,3,8,1,0,1,6
2l3c,6,1,4,0,0,5,4,6,2,9,1,7,3,4,8,4,2,0,1,7
2l3j,19,5,11,10,0,9,12,17,11,24,3,14,6,16,25,25,9,0,3,17
2l41,3,4,7,3,1,4,5,4,1,6,8,6,2,7,4,8,0,0,1,3
2l5d,2,7,6,10,2,8,9,7,3,13,4,12,3,6,7,7,10,1,7,10
2la5,0,6,0,1,0,1,0,8,0,0,0,0,0,0,1,0,0,0,0,0
2lbs,10,8,4,5,1,2,3,8,1,8,6,7,2,1,3,6,4,0,4,7
2leb,6,14,1,12,0,1,5,8,3,5,1,4,5,4,7,6,5,0,6,8
2lec,6,14,1,12,0,1,5,8,3,5,1,4,5,4,7,6,5,0,6,8
2lup,10,8,4,5,1,2,3,8,1,8,6,7,2,1,3,6,4,0,4,7
2m8d,5,11,2,8,1,1,6,9,2,3,1,5,3,2,5,6,4,1,5,11
2mb0,10,7,4,6,0,1,9,10,0,6,3,10,3,6,3,5,5,0,1,6
2mjh,9,8,6,8,2,6,13,10,4,13,9,14,6,1,10,5,6,1,4,7
2mki,13,13,3,16,3,9,12,15,3,15,13,12,3,10,16,15,4,2,9,17
2mkk,12,12,8,10,4,6,8,16,4,19,8,15,4,11,15,18,9,4,10,20
2mqo,10,4,6,9,1,4,6,7,3,5,6,4,1,3,7,9,2,0,5,13
2mqp,6,6,9,9,4,7,2,7,0,8,9,6,1,4,6,11,8,1,5,9
2mtv,9,8,7,5,3,5,10,11,6,17,9,13,2,9,8,16,5,4,0,9
2mxy,13,7,9,4,1,2,5,10,1,4,5,9,3,4,2,7,3,0,3,13
2mz1,13,7,9,4,1,2,5,10,1,4,5,9,3,4,2,7,3,0,3,13
2n3o,10,5,10,4,0,7,6,9,2,10,7,9,3,4,6,11,7,0,3,10
2n7c,8,7,5,7,2,0,9,6,2,3,5,7,1,6,2,7,1,0,2,9
2n82,5,9,10,5,0,3,7,9,3,4,5,8,3,8,4,5,7,0,1,8
2n8l,20,8,4,6,0,18,13,16,5,7,15,15,4,8,14,12,7,0,2,17
2n8m,20,8,4,6,0,18,13,17,5,7,15,14,4,8,14,12,7,0,2,17
2rqc,7,2,6,5,1,11,3,14,1,8,5,9,4,8,5,16,2,0,2,6
2rra,6,11,5,8,2,2,6,9,1,5,4,4,1,6,4,10,4,0,4,7
2rs2,4,7,0,5,2,6,5,8,1,6,2,7,3,7,4,4,5,1,1,6
2ru3,8,7,6,7,1,3,6,9,2,4,5,7,2,5,5,5,9,0,4,8
2vaz,7,9,2,5,0,5,5,5,5,12,3,6,1,2,0,6,6,0,2,5
2xc7,8,7,7,4,0,5,13,7,0,8,10,10,3,4,3,5,3,0,2,5
2xfm,2,6,5,8,1,9,9,7,1,13,5,10,2,5,7,6,9,1,7,7
2yh1,17,7,12,12,1,12,7,18,2,19,9,10,6,12,11,10,8,0,6,16
3izy,43,24,13,34,7,19,50,41,18,41,40,50,11,11,18,25,25,5,11,51
3moj,5,1,6,5,0,1,1,8,1,4,8,13,3,2,1,2,4,0,2,8
3qjp,7,15,8,11,0,1,22,16,4,24,23,21,7,14,11,19,8,2,9,18
3qrr,21,25,3,5,0,8,18,15,2,34,1,9,2,7,17,5,8,5,2,17
3rc8,42,32,21,43,14,23,32,28,18,67,47,38,14,30,36,37,25,6,20,37
3tup,19,25,14,25,5,23,27,22,24,46,18,20,7,24,14,22,17,8,15,29
484d,1,10,1,0,0,2,1,0,0,0,0,0,0,0,0,0,1,1,0,0
4b8t,6,10,2,6,1,5,3,23,3,3,10,4,4,1,12,5,1,0,1,6
4bs2,6,9,4,13,4,10,12,11,5,11,8,14,6,13,6,14,10,2,3,13
4cio,8,7,5,7,1,3,5,9,2,4,5,7,3,5,4,4,8,0,4,6
4lmz,14,10,8,8,6,10,11,10,4,9,11,13,8,10,11,13,6,1,3,10
4nha,8,11,6,13,5,7,13,4,6,34,17,14,0,11,20,13,19,1,15,13
4uft,26,26,12,21,1,14,25,30,3,42,33,14,11,16,16,31,19,5,10,22
4wc3,20,29,11,14,0,4,46,21,7,60,24,39,7,15,9,11,8,5,13,24
4x0a,20,29,11,14,0,4,46,21,7,60,24,39,7,15,9,11,8,5,13,24
4x0b,20,29,11,14,0,4,46,21,7,60,24,39,7,15,9,11,8,5,13,24
5bym,12,7,24,21,9,22,15,12,3,50,43,29,4,26,9,22,21,0,12,22
5fn1,34,8,12,11,1,8,8,14,2,17,11,12,5,9,15,15,15,3,7,10
5j0m,0,6,0,0,0,0,0,1,0,0,2,1,0,0,1,0,1,0,0,1
5j1o,0,6,0,0,0,0,0,1,0,0,2,1,0,0,1,0,1,0,0,1
5j2w,0,6,0,0,0,0,0,1,0,0,2,1,0,0,1,0,1,0,0,1
5m8i,6,3,6,5,1,9,3,10,8,7,6,9,6,8,6,11,1,1,2,6
5mpg,6,10,2,6,1,3,10,6,2,5,1,6,2,5,5,9,7,1,1,9
5mpl,5,7,2,7,1,5,8,9,6,3,7,10,2,5,1,8,5,0,3,8
5uzz,0,7,0,0,0,0,0,1,0,0,1,1,0,0,1,0,1,0,0,1
5x3z,3,4,4,5,2,2,9,8,5,2,4,10,5,8,2,6,6,0,1,10
6ajk,15,22,11,15,5,14,18,16,6,33,16,17,5,17,20,15,14,2,7,25
6d2u,0,4,0,0,0,0,0,1,0,0,2,1,0,0,1,0,1,0,0,1
6du5,15,18,15,16,8,8,14,16,5,31,16,19,0,12,18,13,14,5,11,17
6gbm,7,4,8,9,0,3,5,9,1,3,8,9,2,7,4,7,8,1,2,5
6h5q,27,27,11,21,1,15,25,30,2,44,33,14,11,16,16,32,19,5,10,22
6h5s,24,26,11,20,1,15,23,29,2,41,32,14,11,16,16,29,17,5,10,21
6hpj,5,10,4,12,1,0,5,9,0,3,6,3,0,5,7,2,1,0,5,6
6m7d,33,20,15,24,2,15,18,36,6,42,21,23,12,16,15,32,33,3,15,31
6mce,1,6,0,0,0,2,0,2,1,0,1,2,0,0,0,1,0,0,1,0
6mcf,1,6,0,0,0,2,0,2,1,0,1,2,0,0,0,1,0,0,1,0
6r9j,23,26,42,30,11,17,48,22,14,66,42,41,9,27,22,41,41,4,35,34
6r9m,23,27,43,30,11,17,48,24,14,66,43,41,9,28,22,41,40,4,35,34
6r9o,23,26,43,30,11,17,49,23,14,65,43,40,9,28,21,41,39,4,35,33
6r9p,23,27,43,31,11,17,49,24,15,66,45,41,9,28,22,41,42,4,35,34
6r9q,23,27,44,30,11,17,50,25,14,66,46,41,9,28,22,42,42,4,35,34
6sdw,12,10,9,0,0,7,19,13,3,12,10,25,4,6,13,9,8,0,2,15
6sdy,6,6,5,0,0,4,8,6,2,6,3,8,3,2,3,2,5,0,1,4
6snj,7,9,10,11,0,5,6,22,1,3,8,10,1,9,5,8,8,1,2,5
6so9,11,6,7,2,2,8,8,8,2,9,9,9,5,2,4,4,5,0,5,6
6tph,17,4,1,4,1,2,18,6,1,8,11,15,2,1,8,3,4,0,3,12
7act,11,9,9,7,0,5,4,20,2,10,7,7,1,4,11,6,11,3,7,3
7ewq,37,29,14,13,7,25,22,25,3,42,21,10,12,16,19,18,21,2,21,17
7kjt,10,10,8,7,2,4,15,10,3,12,23,13,3,6,2,3,3,1,1,9
7og6,26,5,17,5,2,12,8,8,1,15,8,8,2,14,15,17,19,2,3,12
7oi3,32,27,11,22,1,12,29,30,3,43,32,15,11,15,15,33,21,5,11,26
7ozr,40,34,15,18,7,27,24,26,3,45,22,10,11,16,20,17,25,2,21,20
7q33,5,7,2,4,1,2,9,10,2,9,5,4,6,6,4,6,5,0,2,4
7q4l,22,20,6,3,4,14,13,21,5,32,5,8,4,7,22,14,5,3,5,14
7qdd,7,5,4,1,0,3,13,5,3,7,3,6,2,8,6,5,1,0,2,7
7qde,10,12,10,7,1,4,23,9,3,15,8,8,3,12,11,12,7,1,2,11
7t1n,1,4,0,0,0,2,0,3,2,1,1,3,0,0,0,1,0,0,1,0
7t1o,1,6,0,0,0,1,0,2,2,0,1,2,0,0,0,1,0,0,1,0
7t1p,1,5,0,0,0,1,0,2,2,0,1,3,0,0,0,1,0,0,1,0
7vrl,5,9,10,5,0,3,7,8,3,4,5,8,3,8,4,4,7,0,1,8
7x34,19,2,4,9,0,1,7,4,0,7,5,18,0,2,1,9,4,0,2,6
7ypw,32,19,15,12,3,26,29,26,20,53,26,18,8,15,9,25,19,2,6,25
7yyn,48,40,23,34,16,21,42,32,18,85,36,46,12,33,49,46,40,3,39,42
7zap,10,12,3,6,1,4,6,5,0,6,7,3,3,4,4,7,4,0,1,11
7zew,12,6,4,10,0,1,12,8,3,9,7,9,3,7,4,5,6,2,2,7
7zex,12,5,3,7,0,1,10,7,3,7,7,5,3,6,3,1,5,0,2,6
7zpi,46,40,23,34,16,21,44,32,18,85,36,46,12,33,49,46,40,3,39,42
8acb,17,15,16,12,1,11,14,14,7,16,9,9,11,8,9,7,19,3,9,13
8acc,22,15,11,11,2,15,13,12,6,13,16,8,9,7,10,8,19,5,8,21
8bf8,28,30,15,8,1,14,19,19,6,29,17,28,1,14,7,13,18,4,14,17
8coo,20,8,4,6,0,18,13,17,5,7,15,14,4,8,14,12,7,0,2,17
"8,00E+28",52,41,16,41,15,31,49,31,19,84,32,42,16,33,41,45,29,5,19,49
"8,00E+29",52,43,15,42,15,31,49,31,19,84,32,42,16,33,41,45,29,5,19,49
8e2a,52,41,15,42,15,30,48,31,19,83,32,42,16,33,40,45,29,5,19,49
8fti,51,56,28,46,14,23,59,47,22,63,39,73,10,42,11,31,23,8,37,54
8pdl,28,19,13,10,3,17,23,25,7,39,25,20,8,8,11,35,20,2,15,23
8pdm,28,19,13,10,3,17,23,25,7,39,25,20,8,8,11,35,20,2,15,23
8pzp,34,51,23,21,6,18,31,38,6,32,29,17,20,18,17,40,27,6,13,23
8sxu,35,29,51,35,6,31,45,28,8,70,79,87,14,32,33,30,46,16,28,23